<?xml version="1.0" encoding="UTF-8" standalone="yes"?>
<addon id="script.idolpx.installer" name="idolpx Installer" version="20190227_01" provider-name="idolpx">
	<requires>
		<import addon="xbmc.python" version="2.14.0"/>
	</requires>
	<extension point="xbmc.python.script" library="addon.py">
		<provides>executable</provides>
	</extension>
	<extension point="xbmc.service" library="service.py" start="startup"/>
	<extension point="xbmc.addon.metadata">
        <platform>all</platform>    
        <summary lang="en">A PRIVATE custom configuration installer.</summary>
        <description lang="en">If you have this you are a trusted friend or family member.</description>
		<email>jaime@idolpx.com</email>
		<assets>
			<icon>resources/icon.png</icon>
			<fanart>resources/fanart.jpg</fanart>
		</assets>
		<news>Initial Release!</news>        
    </extension>
</addon>
