<?xml version="1.0" encoding="UTF-8" standalone="yes"?>
<addon id="chillywilly" name="Chilly Willy Repository" version="1.1" provider-name="Chilly Willy">
    <extension point="xbmc.addon.repository" name="Chilly Willy Repository">
        <dir>
            <info compressed="false">https://raw.githubusercontent.com/chillywillybuild/Repo/master/zips/addons.xml</info>
            <checksum>https://raw.githubusercontent.com/chillywillybuild/Repo/master/zips/addons.xml.md5</checksum>
            <datadir zip="true">https://raw.githubusercontent.com/chillywillybuild/Repo/master/zips/</datadir>
        </dir>
    </extension>
    <extension point="xbmc.addon.metadata">
        <summary>Chilly Willy Repository</summary>
        <description>Chilly Willy Repo</description>
        <disclaimer></disclaimer>
        <platform>all</platform>
        <assets>
            <icon>icon.png</icon>
            <fanart>fanart.jpg</fanart>
        </assets>
    </extension>
</addon>